{
  "n_states": 4,
  "draft_model": "/root/autodl-tmp/specreason/models/DeepSeek-R1-Distill-Qwen-1.5B",
  "target_model": "/root/autodl-tmp/specreason/models/DeepSeek-R1-Distill-Qwen-32B-AWQ",
  "ks": [
    1,
    2,
    4
  ],
  "step_max_tokens": 96,
  "overall": {
    "prefix_bucket": "all",
    "step_bucket": "all",
    "n": 4,
    "c_t": 1.033234952017665,
    "c_d1": 0.47748582251369953,
    "c_d2": 0.45222334284335375,
    "c_d4": 0.5621353178285062,
    "c_v1": 0.23535566357895732,
    "c_v2": 0.32959581445902586,
    "c_v4": 0.5359253343194723,
    "r1_star": 0.689912284423446,
    "r2_star": 0.7566712254319994,
    "r4_star": 1.0627405218955517
  },
  "by_bucket": [
    {
      "prefix_bucket": "medium",
      "step_bucket": "medium",
      "n": 2,
      "c_t": 1.328172824345529,
      "c_d1": 0.6495901010930538,
      "c_d2": 0.6238116240128875,
      "c_d4": 0.6914434619247913,
      "c_v1": 0.24576607439666986,
      "c_v2": 0.3320254925638437,
      "c_v4": 0.5410050274804235,
      "r1_star": 0.6741262575756433,
      "r2_star": 0.7196632087753564,
      "r4_star": 0.9279278018751186
    },
    {
      "prefix_bucket": "medium",
      "step_bucket": "short",
      "n": 2,
      "c_t": 0.7382970796898007,
      "c_d1": 0.30538154393434525,
      "c_d2": 0.28063506167382,
      "c_d4": 0.4328271737322211,
      "c_v1": 0.22494525276124477,
      "c_v2": 0.327166136354208,
      "c_v4": 0.5308456411585212,
      "r1_star": 0.718310841644409,
      "r2_star": 0.823247463315714,
      "r4_star": 1.305264291842566
    }
  ]
}