{
  "by_k": {
    "1": {
      "n": 4,
      "handoff_ms": {
        "median": 551.0495263151824,
        "mean": 792.8117990959436,
        "p90": 1749.370338395238
      },
      "branch_pipeline_ms": {
        "median": 957.5603511184454,
        "mean": 1620.4213141463697,
        "p90": 3957.9025646671653,
        "success_median": null,
        "fail_median": 957.5603511184454
      },
      "delta_ms": {
        "median": -406.51082480326295,
        "mean": -827.6095150504261,
        "p_positive": 0.0
      },
      "delta_boot": {
        "mean_ms": -827.6095150504261,
        "ci_low_ms": -2208.5322262719274,
        "ci_high_ms": -347.6975045632571
      },
      "rescue": {
        "exist": 0.0,
        "accepted": 0.25,
        "safe": 0.0,
        "selector_gap": 0
      },
      "profitable_rate": 0.0
    },
    "2": {
      "n": 4,
      "handoff_ms": {
        "median": 551.0495263151824,
        "mean": 792.8117990959436,
        "p90": 1749.370338395238
      },
      "branch_pipeline_ms": {
        "median": 1103.718891274184,
        "mean": 1038.2677866145968,
        "p90": 1148.3310041949153,
        "success_median": 1110.6325201690197,
        "fail_median": 1096.8052623793483
      },
      "delta_ms": {
        "median": -518.3867434971035,
        "mean": -245.45598751865327,
        "p_positive": 0.25
      },
      "delta_boot": {
        "mean_ms": -245.45598751865327,
        "ci_low_ms": -571.5186069719493,
        "ci_high_ms": 638.7378182262182
      },
      "rescue": {
        "exist": 0.0,
        "accepted": 0.25,
        "safe": 0.0,
        "selector_gap": 0
      },
      "profitable_rate": 0.0
    },
    "4": {
      "n": 4,
      "handoff_ms": {
        "median": 551.0495263151824,
        "mean": 792.8117990959436,
        "p90": 1749.370338395238
      },
      "branch_pipeline_ms": {
        "median": 1417.3160288482904,
        "mean": 1393.9140397123992,
        "p90": 1550.255436450243,
        "success_median": 1550.255436450243,
        "fail_median": 1411.4316431805491
      },
      "delta_ms": {
        "median": -864.8242754861712,
        "mean": -601.1022406164557,
        "p_positive": 0.25
      },
      "delta_boot": {
        "mean_ms": -601.1022406164557,
        "ci_low_ms": -868.6286809388548,
        "ci_high_ms": 199.11490194499493
      },
      "rescue": {
        "exist": 0.0,
        "accepted": 0.25,
        "safe": 0.0,
        "selector_gap": 0
      },
      "profitable_rate": 0.0
    }
  },
  "decision": {
    "decision": "fixed_handoff",
    "rationale": "no K shows reliable positive safe \u0394 \u2014 Reject\u2192Handoff; do not train Branch router",
    "details": [
      {
        "k": 1,
        "delta_mean_ms": -827.6095150504261,
        "ci_low_ms": -2208.5322262719274,
        "safe": 0.0,
        "p_positive": 0.0,
        "profitable_rate": 0.0
      },
      {
        "k": 2,
        "delta_mean_ms": -245.45598751865327,
        "ci_low_ms": -571.5186069719493,
        "safe": 0.0,
        "p_positive": 0.25,
        "profitable_rate": 0.0
      },
      {
        "k": 4,
        "delta_mean_ms": -601.1022406164557,
        "ci_low_ms": -868.6286809388548,
        "safe": 0.0,
        "p_positive": 0.25,
        "profitable_rate": 0.0
      }
    ]
  },
  "n_rows": 4
}