{
  "by_k": {
    "1": {
      "n": 2,
      "handoff_ms": {
        "median": 1151.4182691462338,
        "mean": 1151.4182691462338,
        "p90": 1765.6426867470145
      },
      "branch_pipeline_ms": {
        "median": 2289.9269368499517,
        "mean": 2289.9269368499517,
        "p90": 3745.692878961563,
        "success_median": null,
        "fail_median": 2289.9269368499517
      },
      "delta_ms": {
        "median": -1138.508667703718,
        "mean": -1138.508667703718,
        "p_positive": 0.0
      },
      "delta_boot": {
        "mean_ms": -1138.508667703718,
        "ci_low_ms": -1980.0501922145486,
        "ci_high_ms": -296.9671431928873
      },
      "rescue": {
        "exist": 0.0,
        "accepted": 0.5,
        "safe": 0.0,
        "selector_gap": 0
      },
      "profitable_rate": 0.0
    },
    "2": {
      "n": 2,
      "handoff_ms": {
        "median": 1151.4182691462338,
        "mean": 1151.4182691462338,
        "p90": 1765.6426867470145
      },
      "branch_pipeline_ms": {
        "median": 696.47052930668,
        "mean": 696.47052930668,
        "p90": 808.9697305113077,
        "success_median": 583.9713281020522,
        "fail_median": 808.9697305113077
      },
      "delta_ms": {
        "median": 454.94773983955383,
        "mean": 454.94773983955383,
        "p_positive": 0.5
      },
      "delta_boot": {
        "mean_ms": 454.94773983955383,
        "ci_low_ms": -271.77587896585464,
        "ci_high_ms": 1181.6713586449623
      },
      "rescue": {
        "exist": 0.0,
        "accepted": 0.5,
        "safe": 0.0,
        "selector_gap": 0
      },
      "profitable_rate": 0.0
    },
    "4": {
      "n": 2,
      "handoff_ms": {
        "median": 1151.4182691462338,
        "mean": 1151.4182691462338,
        "p90": 1765.6426867470145
      },
      "branch_pipeline_ms": {
        "median": 841.5869530290365,
        "mean": 841.5869530290365,
        "p90": 868.1344734504819,
        "success_median": 868.1344734504819,
        "fail_median": 815.0394326075912
      },
      "delta_ms": {
        "median": 309.8313161171973,
        "mean": 309.8313161171973,
        "p_positive": 0.5
      },
      "delta_boot": {
        "mean_ms": 309.8313161171973,
        "ci_low_ms": -277.8455810621381,
        "ci_high_ms": 897.5082132965326
      },
      "rescue": {
        "exist": 0.0,
        "accepted": 0.5,
        "safe": 0.0,
        "selector_gap": 0
      },
      "profitable_rate": 0.0
    }
  },
  "decision": {
    "decision": "fixed_handoff",
    "rationale": "no K shows reliable positive safe \u0394 \u2014 Reject\u2192Handoff; do not train Branch router",
    "details": [
      {
        "k": 1,
        "delta_mean_ms": -1138.508667703718,
        "ci_low_ms": -1980.0501922145486,
        "safe": 0.0,
        "p_positive": 0.0,
        "profitable_rate": 0.0
      },
      {
        "k": 2,
        "delta_mean_ms": 454.94773983955383,
        "ci_low_ms": -271.77587896585464,
        "safe": 0.0,
        "p_positive": 0.5,
        "profitable_rate": 0.0
      },
      {
        "k": 4,
        "delta_mean_ms": 309.8313161171973,
        "ci_low_ms": -277.8455810621381,
        "safe": 0.0,
        "p_positive": 0.5,
        "profitable_rate": 0.0
      }
    ]
  },
  "n_rows": 2
}