{
  "n": 11520,
  "n_acc": 9104,
  "n_rej": 2416,
  "accept_rate": 0.7902777777777777,
  "n_layers": 64,
  "layer_ids": [
    0,
    9,
    18,
    27,
    36,
    45,
    54,
    63
  ],
  "T1_asymmetry": {
    "acc_dec_depth_frac_mean": 0.9143868766476274,
    "rej_dec_depth_frac_mean": 0.14458298841059603,
    "acc_dec_depth_frac_median": 0.984375,
    "rej_dec_depth_frac_median": 0.0,
    "mw_p": 0.0
  },
  "T2_hard_vs_easy": {
    "conf_median": 0.48692595958709717,
    "n_hard": 1208,
    "n_easy": 1208,
    "dec_depth": {
      "hard_mean": 11.495860927152318,
      "easy_mean": 7.010761589403973,
      "mw_p": 0.0016232467783849167,
      "auc_hard_vs_easy": 0.5370275700627165
    },
    "flip_depth": {
      "hard_mean": 44.61341059602649,
      "easy_mean": 39.771523178807946,
      "mw_p": 2.698063458565069e-07,
      "auc_hard_vs_easy": 0.5604270371913512
    },
    "flip_count": {
      "hard_mean": 1.679635761589404,
      "easy_mean": 1.603476821192053,
      "mw_p": 0.05828249100106431,
      "auc_hard_vs_easy": 0.5222464886408491
    },
    "path_speed": {
      "hard_mean": 20.68733245256474,
      "easy_mean": 18.07874120945814,
      "mw_p": 4.813035197952132e-11,
      "auc_hard_vs_easy": 0.5772649774132713
    },
    "target_final_margin": {
      "hard_mean": 1.9573158112582782,
      "easy_mean": 2.2527938741721854,
      "mw_p": 1.2435232409386124e-07,
      "auc_hard_vs_easy": 0.43788615356782595
    }
  },
  "T3_next_cycle": {
    "n": 1380,
    "M_draft": {
      "rmse": 2.895680269506982,
      "r2": 0.07982818200999464
    },
    "M_draft_final": {
      "rmse": 2.8968361975454924,
      "r2": 0.07909338769183094
    },
    "M_draft_final_traj": {
      "rmse": 2.909917943490754,
      "r2": 0.07075721192473439
    }
  },
  "early_exit_agreement_by_layer": {
    "0": 0.21067708333333332,
    "9": 0.2113715277777778,
    "18": 0.2267361111111111,
    "27": 0.22552083333333334,
    "36": 0.24696180555555555,
    "45": 0.27751736111111114,
    "54": 0.4714409722222222,
    "63": 1.0
  }
}