{
  "by_k": {
    "1": {
      "n": 4,
      "handoff_ms": {
        "median": 557.6215698383749,
        "mean": 796.1534869391471,
        "p90": 1756.279231980443
      },
      "branch_pipeline_ms": {
        "median": 972.3994834348559,
        "mean": 1643.9954219385982,
        "p90": 4020.790357142687,
        "success_median": null,
        "fail_median": 972.3994834348559
      },
      "delta_ms": {
        "median": -414.7779135964811,
        "mean": -847.841934999451,
        "p_positive": 0.0
      },
      "delta_boot": {
        "mean_ms": -847.841934999451,
        "ci_low_ms": -2264.511125162244,
        "ci_high_ms": -356.0393506195396
      },
      "rescue": {
        "exist": 0.0,
        "accepted": 0.25,
        "safe": 0.0,
        "selector_gap": 0
      },
      "profitable_rate": 0.0
    },
    "2": {
      "n": 4,
      "handoff_ms": {
        "median": 557.6215698383749,
        "mean": 796.1534869391471,
        "p90": 1756.279231980443
      },
      "branch_pipeline_ms": {
        "median": 1105.3257077001035,
        "mean": 1037.8449328709394,
        "p90": 1130.4264655336738,
        "success_median": 1102.3544175550342,
        "fail_median": 1108.2969978451729
      },
      "delta_ms": {
        "median": -518.3405121788383,
        "mean": -241.69144593179226,
        "p_positive": 0.25
      },
      "delta_boot": {
        "mean_ms": -241.69144593179226,
        "ci_low_ms": -561.7401618510485,
        "ci_high_ms": 653.9248144254088
      },
      "rescue": {
        "exist": 0.0,
        "accepted": 0.25,
        "safe": 0.0,
        "selector_gap": 0
      },
      "profitable_rate": 0.0
    },
    "4": {
      "n": 4,
      "handoff_ms": {
        "median": 557.6215698383749,
        "mean": 796.1534869391471,
        "p90": 1756.279231980443
      },
      "branch_pipeline_ms": {
        "median": 1418.6080764047801,
        "mean": 1392.9670683573931,
        "p90": 1547.9769902303815,
        "success_median": 1547.9769902303815,
        "fail_median": 1414.2947290092707
      },
      "delta_ms": {
        "median": -860.9865065664053,
        "mean": -596.813581418246,
        "p_positive": 0.25
      },
      "delta_boot": {
        "mean_ms": -596.813581418246,
        "ci_low_ms": -867.2850304283202,
        "ci_high_ms": 208.3022417500615
      },
      "rescue": {
        "exist": 0.0,
        "accepted": 0.25,
        "safe": 0.0,
        "selector_gap": 0
      },
      "profitable_rate": 0.0
    }
  },
  "decision": {
    "decision": "fixed_handoff",
    "rationale": "no K shows reliable positive safe \u0394 \u2014 Reject\u2192Handoff; do not train Branch router",
    "details": [
      {
        "k": 1,
        "delta_mean_ms": -847.841934999451,
        "ci_low_ms": -2264.511125162244,
        "safe": 0.0,
        "p_positive": 0.0,
        "profitable_rate": 0.0
      },
      {
        "k": 2,
        "delta_mean_ms": -241.69144593179226,
        "ci_low_ms": -561.7401618510485,
        "safe": 0.0,
        "p_positive": 0.25,
        "profitable_rate": 0.0
      },
      {
        "k": 4,
        "delta_mean_ms": -596.813581418246,
        "ci_low_ms": -867.2850304283202,
        "safe": 0.0,
        "p_positive": 0.25,
        "profitable_rate": 0.0
      }
    ]
  },
  "n_rows": 4
}