{
  "tau_ours": 0.684913924939162,
  "tau_verifier": 0.0,
  "tau_ours_certified": null,
  "info": {
    "mode": "logistic",
    "target_precision": 0.85,
    "tau_empirical": 0.684913924939162,
    "cal_coverage": 0.0,
    "n_derisk": 179,
    "n_verifier_rows": 117
  },
  "fusion": {
    "mode": "logistic",
    "features": [
      "self_eval_logit",
      "mean_margin",
      "max_entropy",
      "mean_entropy",
      "mean_logprob",
      "min_logprob",
      "repetition_rate"
    ],
    "weights": [
      1.737383312912067,
      0.7124642981169729,
      0.0717238682640519,
      -0.1732884298621738,
      0.16048953817337513,
      0.02031909757129475,
      0.2665627426630067
    ],
    "bias": -1.7141954941506936,
    "mu": [
      2.4401594457013647,
      4.790708468828461,
      2.0999957582145012,
      0.5867734789369942,
      -0.4656958494416756,
      -3.8300570905541576,
      0.12128176886945143
    ],
    "sd": [
      1.2788643636996702,
      2.1194431677048877,
      0.4374765840996797,
      0.36613900849417735,
      0.33548421486518387,
      2.4591764074871465,
      0.1455262719047323
    ],
    "single_signal": "self_eval_logit"
  }
}