{
  "n_rows": 288,
  "mean_a_single": 6.6875,
  "mean_a_best4": 8.072916666666666,
  "mean_branch_gain": 1.3854166666666667,
  "p_gain_positive": 0.3159722222222222
}