{
  "n": 240,
  "models": {
    "M1": {
      "rmse": 2.6812661431201623,
      "mae": 2.200801741915266,
      "r2": -0.00299674539060768
    },
    "M2": {
      "rmse": 2.5648212807512665,
      "mae": 2.1174807376251414,
      "r2": 0.08222992673931329
    },
    "M3": {
      "rmse": 2.549489012607049,
      "mae": 2.092272916157528,
      "r2": 0.0931698217718494
    },
    "M4": {
      "rmse": 2.5417117261673985,
      "mae": 2.084871531668895,
      "r2": 0.09869400392684458
    }
  },
  "rmse_gain_M4_vs_M3": 0.00305052753755456,
  "r2_gain_M4_vs_M3": 0.005524182154995172,
  "matched_margin": {
    "n_early": 70,
    "n_late": 69,
    "n_matched_pairs": 70,
    "matched_early_A_next": 1.9714285714285715,
    "matched_late_A_next": 3.4,
    "matched_delta": -1.4285714285714284,
    "early_mean_m_T": 3.811049107142857,
    "late_mean_m_T": 3.8060267857142858
  },
  "decision": "FAIL",
  "kill_gate": "M4 RMSE gain>=5% OR R2 gain>=0.03 vs M3 (GroupKFold OOF)"
}