{
  "audit": "B_request_local_residual",
  "gamma": 8,
  "calib_frac": 0.25,
  "n_prompts": 6,
  "n_records": 768,
  "pooled": {
    "train": {
      "n": 192,
      "top1_match_draft": 0.7447916666666666,
      "top1_match_ema": 0.7291666666666666,
      "top1_match_token_bias": 0.75,
      "kl_target_draft": 0.36956104171209625,
      "kl_target_calibrated": 0.4942735290348592,
      "delta_top1_ema": -0.015625,
      "delta_kl_ema": -0.12471248732276297
    },
    "test": {
      "n": 576,
      "top1_match_draft": 0.7482638888888888,
      "top1_match_ema": 0.7048611111111112,
      "top1_match_token_bias": 0.6284722222222222,
      "kl_target_draft": 0.48619181156199903,
      "kl_target_calibrated": 0.6448307055577686,
      "delta_top1_ema": -0.04340277777777768,
      "delta_kl_ema": -0.15863889399576953
    }
  },
  "per_prompt": [
    {
      "prompt_idx": 0,
      "n_calib": 32,
      "n_test": 96,
      "train": {
        "n": 32,
        "top1_match_draft": 0.6875,
        "top1_match_ema": 0.6875,
        "top1_match_token_bias": 0.8125,
        "kl_target_draft": 0.5559568605635832,
        "kl_target_calibrated": 0.39824459519968514,
        "delta_top1_ema": 0.0,
        "delta_kl_ema": 0.15771226536389804
      },
      "test": {
        "n": 96,
        "top1_match_draft": 0.7916666666666666,
        "top1_match_ema": 0.8229166666666666,
        "top1_match_token_bias": 0.8020833333333334,
        "kl_target_draft": 0.2830797048285807,
        "kl_target_calibrated": 0.3390077499538422,
        "delta_top1_ema": 0.03125,
        "delta_kl_ema": -0.055928045125261505
      }
    },
    {
      "prompt_idx": 1,
      "n_calib": 32,
      "n_test": 96,
      "train": {
        "n": 32,
        "top1_match_draft": 0.6875,
        "top1_match_ema": 0.53125,
        "top1_match_token_bias": 0.6875,
        "kl_target_draft": 0.40877802165050525,
        "kl_target_calibrated": 0.5800819052528823,
        "delta_top1_ema": -0.15625,
        "delta_kl_ema": -0.17130388360237703
      },
      "test": {
        "n": 96,
        "top1_match_draft": 0.7395833333333334,
        "top1_match_ema": 0.6979166666666666,
        "top1_match_token_bias": 0.7604166666666666,
        "kl_target_draft": 0.41494247358483943,
        "kl_target_calibrated": 0.6537846977698791,
        "delta_top1_ema": -0.04166666666666674,
        "delta_kl_ema": -0.2388422241850397
      }
    },
    {
      "prompt_idx": 2,
      "n_calib": 32,
      "n_test": 96,
      "train": {
        "n": 32,
        "top1_match_draft": 0.71875,
        "top1_match_ema": 0.625,
        "top1_match_token_bias": 0.6875,
        "kl_target_draft": 0.49928519743843935,
        "kl_target_calibrated": 0.9368858287925832,
        "delta_top1_ema": -0.09375,
        "delta_kl_ema": -0.43760063135414384
      },
      "test": {
        "n": 96,
        "top1_match_draft": 0.65625,
        "top1_match_ema": 0.6354166666666666,
        "top1_match_token_bias": 0.5729166666666666,
        "kl_target_draft": 0.683610539060633,
        "kl_target_calibrated": 1.0829552605131312,
        "delta_top1_ema": -0.02083333333333337,
        "delta_kl_ema": -0.3993447214524982
      }
    },
    {
      "prompt_idx": 3,
      "n_calib": 32,
      "n_test": 96,
      "train": {
        "n": 32,
        "top1_match_draft": 0.78125,
        "top1_match_ema": 0.53125,
        "top1_match_token_bias": 0.84375,
        "kl_target_draft": 0.568214372176044,
        "kl_target_calibrated": 0.9315464203682495,
        "delta_top1_ema": -0.25,
        "delta_kl_ema": -0.36333204819220555
      },
      "test": {
        "n": 96,
        "top1_match_draft": 0.78125,
        "top1_match_ema": 0.7604166666666666,
        "top1_match_token_bias": 0.7395833333333334,
        "kl_target_draft": 0.280462770690671,
        "kl_target_calibrated": 0.42724475723783445,
        "delta_top1_ema": -0.02083333333333337,
        "delta_kl_ema": -0.14678198654716346
      }
    },
    {
      "prompt_idx": 4,
      "n_calib": 32,
      "n_test": 96,
      "train": {
        "n": 32,
        "top1_match_draft": 0.6875,
        "top1_match_ema": 0.625,
        "top1_match_token_bias": 0.6875,
        "kl_target_draft": 0.6784320893930271,
        "kl_target_calibrated": 0.6345467885403195,
        "delta_top1_ema": -0.0625,
        "delta_kl_ema": 0.04388530085270759
      },
      "test": {
        "n": 96,
        "top1_match_draft": 0.7916666666666666,
        "top1_match_ema": 0.6875,
        "top1_match_token_bias": 0.6458333333333334,
        "kl_target_draft": 0.49802204820374146,
        "kl_target_calibrated": 0.7868674858447093,
        "delta_top1_ema": -0.10416666666666663,
        "delta_kl_ema": -0.2888454376409679
      }
    },
    {
      "prompt_idx": 5,
      "n_calib": 32,
      "n_test": 96,
      "train": {
        "n": 32,
        "top1_match_draft": 0.65625,
        "top1_match_ema": 0.6875,
        "top1_match_token_bias": 0.8125,
        "kl_target_draft": 0.48675668848773057,
        "kl_target_calibrated": 0.7354748001658891,
        "delta_top1_ema": 0.03125,
        "delta_kl_ema": -0.2487181116781585
      },
      "test": {
        "n": 96,
        "top1_match_draft": 0.8125,
        "top1_match_ema": 0.8333333333333334,
        "top1_match_token_bias": 0.8333333333333334,
        "kl_target_draft": 0.4303476731912781,
        "kl_target_calibrated": 0.5264367218463661,
        "delta_top1_ema": 0.02083333333333337,
        "delta_kl_ema": -0.09608904865508805
      }
    }
  ],
  "n_prompts_improved_top1": 2,
  "n_prompts_improved_kl": 0,
  "decision": "FAIL",
  "kill_gate": "test delta_top1_ema > 0.02, >=60% prompts improve, KL drops on test"
}